id,job,original_name,popularity
2639442,Director,Kevin S. Bright,1.519
85987,Writer,Marta Kauffman,5.777
85987,Writer,David Crane,3.76
85987,Director,James Burrows,5.803
85987,Executive Producer,David Crane,1.368
85987,Editor,Andy Zall,1.62
85987,Director of Photography,Ken Lamkin,1.686
85987,Art Direction,John Shaffner,4.742
85987,Editor,Stephen Prime,0.6
85987,Costume Design,Debra McGuire,3.805
85987,Editor,David Helfand,0.98
85987,Set Decoration,Greg J. Grande,1.021
85987,Executive Producer,Kevin S. Bright,1.519
86012,Writer,Marta Kauffman,5.777
86012,Writer,David Crane,3.76
86012,Director,James Burrows,5.803
86012,Director of Photography,Richard Hissong,1.094
86012,Editor,Andy Zall,1.62
86012,Art Direction,John Shaffner,4.742
86012,Casting,Ellie Kanner,1.548
86012,Costume Design,Debra McGuire,3.805
86012,Set Decoration,Greg J. Grande,1.021
85981,Director,James Burrows,5.803
85981,Director of Photography,Richard Hissong,1.094
85981,Editor,Andy Zall,1.62
85981,Art Direction,John Shaffner,4.742
85981,Casting,Ellie Kanner,1.548
85981,Costume Design,Debra McGuire,3.805
85981,Set Decoration,Greg J. Grande,1.021
85983,Director,James Burrows,5.803
85983,Writer,Alexa Junge,1.388
85983,Director of Photography,Richard Hissong,1.094
85983,Editor,Andy Zall,1.62
85983,Art Direction,John Shaffner,4.742
85983,Casting,Ellie Kanner,1.548
85983,Costume Design,Debra McGuire,3.805
85983,Set Decoration,Greg J. Grande,1.021
86034,Writer,Jeff Greenstein,1.251
86034,Writer,Jeff Strauss,0.84
86034,Director,Pamela Fryman,3.296
86034,Director of Photography,Richard Hissong,1.094
86034,Editor,Andy Zall,1.62
86017,Writer,Adam Chase,2.15
86017,Director,Arlene Sanford,1.96
86017,Director of Photography,Richard Hissong,1.094
86017,Editor,Andy Zall,1.62
86017,Writer,Ira Ungerleider,2.744
86027,Director,James Burrows,5.803
86027,Director of Photography,Richard Hissong,1.094
86027,Editor,Andy Zall,1.62
86027,Writer,Mike Sikowitz,1.691
86027,Writer,Jeff Astrof,2.917
85990,Writer,Marta Kauffman,5.777
85990,Writer,David Crane,3.76
85990,Director,James Burrows,5.803
85990,Director of Photography,Richard Hissong,1.094
85990,Editor,Andy Zall,1.62
85979,Director,James Burrows,5.803
85979,Writer,Jeff Greenstein,1.251
85979,Writer,Jeff Strauss,0.84
85979,Director of Photography,Richard Hissong,1.094
85979,Editor,Andy Zall,1.62
86043,Writer,Adam Chase,2.15
86043,Director,Peter Bonerz,3.859
86043,Director of Photography,Richard Hissong,1.094
86043,Editor,Andy Zall,1.62
86066,Director,James Burrows,5.803
86066,Writer,Alexa Junge,1.388
86066,Director of Photography,Richard Hissong,1.094
86066,Editor,Andy Zall,1.62
86090,Writer,Adam Chase,2.15
86090,Director of Photography,Richard Hissong,1.094
86090,Editor,Andy Zall,1.62
86090,Writer,Ira Ungerleider,2.744
86090,Writer,Mike Sikowitz,1.691
86090,Writer,Jeff Astrof,2.917
86090,Director,Paul Lazarus,1.899
86077,Director,Alan Myerson,2.466
86077,Writer,Alexa Junge,1.388
86077,Director of Photography,Richard Hissong,1.094
86077,Editor,Andy Zall,1.62
86048,Writer,Bill Lawrence,4.865
86048,Director,James Burrows,5.803
86048,Director of Photography,Richard Hissong,1.094
86048,Editor,Andy Zall,1.62
86068,Director,Alan Myerson,2.466
86068,Writer,Jeff Greenstein,1.251
86068,Director of Photography,Richard Hissong,1.094
86068,Editor,Andy Zall,1.62
86067,Writer,Marta Kauffman,5.777
86067,Director,Michael Lembeck,6.644
86067,Writer,David Crane,3.76
86067,Director of Photography,Richard Hissong,1.094
86067,Editor,Andy Zall,1.62
86072,Writer,Marta Kauffman,5.777
86072,Director,Michael Lembeck,6.644
86072,Writer,David Crane,3.76
86072,Director of Photography,Richard Hissong,1.094
86072,Editor,Andy Zall,1.62
86086,Director,James Burrows,5.803
86086,Director of Photography,Richard Hissong,1.094
86086,Editor,Andy Zall,1.62
86086,Writer,Mike Sikowitz,1.691
86086,Writer,Jeff Astrof,2.917
86060,Director,Peter Bonerz,3.859
86060,Director of Photography,Richard Hissong,1.094
86060,Editor,Andy Zall,1.62
86091,Director,Peter Bonerz,3.859
86093,Writer,Adam Chase,2.15
86093,Director,Gail Mancuso,2.681
86094,Director,Robby Benson,21.617
86094,Writer,Alexa Junge,1.388
86092,Writer,Marta Kauffman,5.777
86092,Writer,David Crane,3.76
86092,Director,James Burrows,5.803
86092,Writer,Jeff Greenstein,1.251
86092,Director of Photography,Richard Hissong,1.094
86092,Editor,Andy Zall,1.62
86095,Director,Kevin S. Bright,1.519
86095,Director of Photography,Richard Hissong,1.094
86095,Editor,Andy Zall,1.62
86095,Writer,Chris Brown,0.6
86118,Director,Michael Lembeck,6.644
86118,Editor,David Helfand,0.98
86118,Writer,Mike Sikowitz,1.691
86118,Writer,Jeff Astrof,2.917
86118,Director of Photography,Mikel Neiers,1.632
86113,Writer,Adam Chase,2.15
86113,Director,Michael Lembeck,6.644
86113,Editor,David Helfand,0.98
86113,Writer,Ira Ungerleider,2.744
86113,Director of Photography,Mikel Neiers,1.632
86231,Writer,Michael Curtis,1.608
86231,Writer,Greg Malins,1.594
86231,Director,Kevin S. Bright,1.519
86231,Editor,David Helfand,0.98
86231,Director of Photography,Mikel Neiers,1.632
86233,Director,Gail Mancuso,2.681
86233,Writer,Alexa Junge,1.388
86233,Editor,David Helfand,0.98
86233,Director of Photography,Mikel Neiers,1.632
86120,Editor,David Helfand,0.98
86120,Writer,Chris Brown,0.6
86120,Director of Photography,Mikel Neiers,1.632
86121,Director,Gail Mancuso,2.681
86121,Editor,David Helfand,0.98
86121,Director of Photography,Mikel Neiers,1.632
86121,Writer,Betsy Borns,0.694
86129,Writer,Michael Borkow,1.388
86129,Director,Peter Bonerz,3.859
86129,Editor,David Helfand,0.98
86129,Director of Photography,Mikel Neiers,1.632
86098,Director,Mary Kay Place,10.042
86098,Writer,Marta Kauffman,5.777
86098,Writer,David Crane,3.76
86098,Editor,David Helfand,0.98
86098,Director of Photography,Mikel Neiers,1.632
86230,Director,Kevin S. Bright,1.519
86230,Editor,David Helfand,0.98
86230,Writer,Jeff Astrof,2.917
86230,Director of Photography,Mikel Neiers,1.632
86131,Director,Thomas Schlamme,1.972
86131,Editor,David Helfand,0.98
86131,Writer,Ira Ungerleider,2.744
86131,Director of Photography,Mikel Neiers,1.632
86102,Director,Thomas Schlamme,1.972
86102,Editor,David Helfand,0.98
86102,Director of Photography,Mikel Neiers,1.632
86102,Writer,Doty Abrams,0.621
86132,Director,Michael Lembeck,6.644
86132,Writer,Michael Borkow,1.388
86132,Editor,David Helfand,0.98
86132,Director of Photography,Mikel Neiers,1.632
4537938,Director,Michael Lembeck,6.644
4537938,Writer,Michael Borkow,1.388
86097,Director,James Burrows,5.803
86097,Writer,Alexa Junge,1.388
86097,Editor,Stephen Prime,0.6
86097,Director of Photography,Mikel Neiers,1.632
86134,Writer,Michael Curtis,1.608
86134,Writer,Greg Malins,1.594
86134,Director,Michael Lembeck,6.644
86134,Editor,Stephen Prime,0.6
86134,Director of Photography,Mikel Neiers,1.632
87700,Director,Michael Lembeck,6.644
87700,Editor,David Helfand,0.98
87700,Director of Photography,Mikel Neiers,1.632
87700,Writer,Betsy Borns,0.694
86157,Writer,Adam Chase,2.15
86157,Director,Michael Lembeck,6.644
86157,Editor,David Helfand,0.98
86157,Director of Photography,Mikel Neiers,1.632
1007805,Director,Michael Lembeck,6.644
1007805,Editor,David Helfand,0.98
1007805,Director of Photography,Mikel Neiers,1.632
1007805,Story,Alexa Junge,1.388
1007805,Teleplay,Michael Borkow,1.388
86184,Writer,Michael Curtis,1.608
86184,Writer,Greg Malins,1.594
86184,Director,Michael Lembeck,6.644
86184,Editor,Stephen Prime,0.6
86184,Director of Photography,Mikel Neiers,1.632
86207,Writer,Adam Chase,2.15
86207,Director,Michael Lembeck,6.644
86207,Editor,David Helfand,0.98
86207,Director of Photography,Mikel Neiers,1.632
86210,Writer,Brian Buckner,0.84
86210,Writer,Sebastian Jones,0.6
86210,Director,Michael Lembeck,6.644
86210,Editor,Stephen Prime,0.6
86210,Director of Photography,Mikel Neiers,1.632
86212,Director,Michael Lembeck,6.644
86212,Writer,Alexa Junge,1.388
86212,Editor,David Helfand,0.98
86212,Director of Photography,Mikel Neiers,1.632
1007806,Director,Michael Lembeck,6.644
1007806,Editor,David Helfand,0.98
1007806,Director of Photography,Mikel Neiers,1.632
1007806,Writer,Brown Mandell,0.6
86229,Director,Michael Lembeck,6.644
86229,Editor,David Helfand,0.98
86229,Director of Photography,Mikel Neiers,1.632
86229,Story,Ira Ungerleider,2.744
86229,Teleplay,Brown Mandell,0.6
86272,Writer,Michael Curtis,1.608
86272,Writer,Greg Malins,1.594
86272,Director,Gail Mancuso,2.681
86272,Director of Photography,Mikel Neiers,1.632
86272,Editor,Marnie Bermingham,0.6
86286,Director,Gail Mancuso,2.681
86286,Editor,David Helfand,0.98
86286,Writer,Ira Ungerleider,2.744
86286,Director of Photography,Mikel Neiers,1.632
86286,Editor,Marnie Bermingham,0.6
86277,Writer,Wil Calhoun,1.021
86277,Director,Kevin S. Bright,1.519
86277,Director of Photography,Mikel Neiers,1.632
86277,Editor,Marnie Bermingham,0.6
86278,Director,Steve Zuckerman,1.4
86278,Writer,Alexa Junge,1.388
86280,Director,Steve Zuckerman,1.4
86280,Writer,Scott Silveri,3.0
86280,Writer,Shana Goldberg-Meehan,1.788
86280,Editor,Stephen Prime,0.6
86280,Director of Photography,Mikel Neiers,1.632
86281,Writer,Marta Kauffman,5.777
86281,Writer,David Crane,3.76
86281,Director,Peter Bonerz,3.859
86281,Editor,David Helfand,0.98
86281,Director of Photography,Mikel Neiers,1.632
86292,Director,Gail Mancuso,2.681
86292,Writer,Seth Kurland,1.261
86292,Editor,Stephen Prime,0.6
86292,Editor,David Helfand,0.98
86292,Director of Photography,Mikel Neiers,1.632
86298,Writer,Adam Chase,2.15
86298,Director,Gail Mancuso,2.681
86298,Editor,Stephen Prime,0.6
86298,Director of Photography,Mikel Neiers,1.632
86288,Director,Kevin S. Bright,1.519
86288,Editor,Stephen Prime,0.6
86288,Writer,Ira Ungerleider,2.744
86288,Director of Photography,Mikel Neiers,1.632
86334,Writer,Michael Curtis,1.608
86334,Writer,Greg Malins,1.594
86334,Director,Terry Hughes,3.189
86334,Editor,Stephen Prime,0.6
86334,Director of Photography,Mikel Neiers,1.632
86340,Director,Terry Hughes,3.189
86340,Writer,Alexa Junge,1.388
86340,Editor,Stephen Prime,0.6
86340,Director of Photography,Mikel Neiers,1.632
86340,Story Editor,Shana Goldberg-Meehan,1.788
86340,Story Editor,Scott Silveri,3.0
86349,Director,Robby Benson,21.617
86349,Editor,Stephen Prime,0.6
86349,Director of Photography,Mikel Neiers,1.632
86349,Writer,Doty Abrams,0.621
86349,Story Editor,Shana Goldberg-Meehan,1.788
86349,Story Editor,Scott Silveri,3.0
86349,Choreographer,Adam Shankman,6.528
86353,Director,Robby Benson,21.617
86353,Writer,Michael Borkow,1.388
86353,Editor,Stephen Prime,0.6
86353,Director of Photography,Mikel Neiers,1.632
86353,Story Editor,Shana Goldberg-Meehan,1.788
86353,Story Editor,Scott Silveri,3.0
1007807,Director,Robby Benson,21.617
1007807,Writer,Wil Calhoun,1.021
1007807,Editor,Stephen Prime,0.6
1007807,Director of Photography,Wil Calhoun,1.021
1007807,Story Editor,Shana Goldberg-Meehan,1.788
1007807,Story Editor,Scott Silveri,3.0
86300,Director,James Burrows,5.803
86300,Writer,Michael Borkow,1.388
86300,Editor,Stephen Prime,0.6
86300,Director of Photography,Mikel Neiers,1.632
86300,Story Editor,Shana Goldberg-Meehan,1.788
86300,Story Editor,Scott Silveri,3.0
86304,Writer,Marta Kauffman,5.777
86304,Writer,David Crane,3.76
86304,Director,James Burrows,5.803
86304,Editor,David Helfand,0.98
86304,Director of Photography,Mikel Neiers,1.632
86304,Story Editor,Shana Goldberg-Meehan,1.788
86304,Story Editor,Scott Silveri,3.0
86358,Director,Sam Simon,3.181
86358,Writer,Scott Silveri,3.0
86358,Writer,Shana Goldberg-Meehan,1.788
86358,Editor,Stephen Prime,0.6
86358,Director of Photography,Mikel Neiers,1.632
86358,Story Editor,Shana Goldberg-Meehan,1.788
86358,Story Editor,Scott Silveri,3.0
86359,Director,Robby Benson,21.617
86359,Writer,Seth Kurland,1.261
86359,Editor,Stephen Prime,0.6
86359,Director of Photography,Mikel Neiers,1.632
86359,Story Editor,Shana Goldberg-Meehan,1.788
86359,Story Editor,Scott Silveri,3.0
86360,Writer,Adam Chase,2.15
86360,Director,Terry Hughes,3.189
86360,Editor,Stephen Prime,0.6
86360,Director of Photography,Mikel Neiers,1.632
86360,Story Editor,Shana Goldberg-Meehan,1.788
86360,Story Editor,Scott Silveri,3.0
86306,Writer,Wil Calhoun,1.021
86306,Director,Terry Hughes,3.189
86306,Editor,Stephen Prime,0.6
86306,Director of Photography,Mikel Neiers,1.632
86365,Director,Michael Lembeck,6.644
86365,Editor,Stephen Prime,0.6
86365,Writer,Chris Brown,0.6
86365,Director of Photography,Mikel Neiers,1.632
86310,Writer,Scott Silveri,3.0
86310,Writer,Shana Goldberg-Meehan,1.788
86310,Director,Peter Bonerz,3.859
86310,Editor,David Helfand,0.98
86310,Director of Photography,Mikel Neiers,1.632
86318,Director,Shelley Jensen,3.842
86318,Writer,Andrew Reich,1.788
86318,Writer,Ted Cohen,3.069
86369,Director,Robby Benson,21.617
86369,Story,Mark Kunerth,1.286
86369,Story,Pang-Ni Landrum,0.84
86369,Teleplay,Scott Silveri,3.0
86369,Teleplay,Shana Goldberg-Meehan,1.788
86330,Director,Pamela Fryman,3.296
86330,Story,Mark Kunerth,1.286
86330,Story,Pang-Ni Landrum,0.84
86330,Teleplay,Adam Chase,2.15
86528,Director,Shelley Jensen,3.842
86528,Writer,Wil Calhoun,1.021
86453,Director,Shelley Jensen,3.842
86453,Writer,Jill Condon,0.6
86453,Writer,Amy Toomin Straus,0.6
86385,Writer,Seth Kurland,1.261
86385,Director,Peter Bonerz,3.859
86388,Director,Gail Mancuso,2.681
86388,Writer,Andrew Reich,1.788
86388,Writer,Ted Cohen,3.069
86401,Writer,Michael Curtis,1.608
86401,Writer,Greg Malins,1.594
86401,Director,Gail Mancuso,2.681
86403,Director,Shelley Jensen,3.842
86403,Writer,Scott Silveri,3.0
86403,Writer,Shana Goldberg-Meehan,1.788
86405,Writer,Adam Chase,2.15
86405,Director,Kevin S. Bright,1.519
86406,Writer,Michael Borkow,1.388
86406,Director,Peter Bonerz,3.859
86437,Writer,Andrew Reich,1.788
86437,Writer,Ted Cohen,3.069
86437,Director,Peter Bonerz,3.859
86408,Writer,Scott Silveri,3.0
86408,Director,Gary Halvorson,2.843
86460,Director,David Steinberg,8.316
86460,Writer,Seth Kurland,1.261
86407,Director,Kevin S. Bright,1.519
86407,Writer,Jill Condon,0.6
86407,Writer,Amy Toomin Straus,0.6
86475,Writer,Shana Goldberg-Meehan,1.788
86475,Director,Dana De Vally Piazza,3.086
86475,Executive Story Editor,Shana Goldberg-Meehan,1.788
86475,Executive Story Editor,Scott Silveri,3.0
86475,Executive Story Editor,Andrew Reich,1.788
86475,Executive Story Editor,Ted Cohen,3.069
955151,Writer,Wil Calhoun,1.021
955151,Director,Peter Bonerz,3.859
86483,Director,James Burrows,5.803
86483,Editor,Stephen Prime,0.6
86483,Director of Photography,Mikel Neiers,1.632
86483,Executive Story Editor,Andrew Reich,1.788
86483,Executive Story Editor,Ted Cohen,3.069
86483,Teleplay,Wil Calhoun,1.021
86483,Story,Andrew Reich,1.788
86483,Story,Ted Cohen,3.069
87731,Director,Michael Lembeck,6.644
87731,Editor,Stephen Prime,0.6
87731,Director of Photography,Mikel Neiers,1.632
87731,Teleplay,Scott Silveri,3.0
87731,Teleplay,Shana Goldberg-Meehan,1.788
87731,Executive Story Editor,Andrew Reich,1.788
87731,Executive Story Editor,Ted Cohen,3.069
87731,Story,Alicia Sky Varinaitis,0.6
86413,Director,Michael Lembeck,6.644
86413,Editor,David Helfand,0.98
86413,Director of Photography,Mikel Neiers,1.632
86413,Story,Mark Kunerth,1.286
86413,Executive Story Editor,Andrew Reich,1.788
86413,Executive Story Editor,Ted Cohen,3.069
86413,Teleplay,Richard Goodman,0.619
86416,Director,Gail Mancuso,2.681
86416,Editor,Stephen Prime,0.6
86416,Director of Photography,Mikel Neiers,1.632
86416,Executive Story Editor,Andrew Reich,1.788
86416,Executive Story Editor,Ted Cohen,3.069
86416,Story,Andrew Reich,1.788
86416,Story,Ted Cohen,3.069
86416,Teleplay,Jill Condon,0.6
86416,Teleplay,Amy Toomin Straus,0.6
1007808,Writer,Scott Silveri,3.0
1007808,Writer,Wil Calhoun,1.021
1007808,Director,Kevin S. Bright,1.519
1007808,Editor,Stephen Prime,0.6
1007808,Director of Photography,Mikel Neiers,1.632
1007808,Executive Story Editor,Andrew Reich,1.788
1007808,Executive Story Editor,Ted Cohen,3.069
86423,Director,Gail Mancuso,2.681
86423,Editor,Stephen Prime,0.6
86423,Director of Photography,Mikel Neiers,1.632
86423,Executive Story Editor,Andrew Reich,1.788
86423,Executive Story Editor,Ted Cohen,3.069
86423,Teleplay,Michael Curtis,1.608
86423,Teleplay,Greg Malins,1.594
86423,Story,Adam Chase,2.15
86426,Writer,Seth Kurland,1.261
86426,Director,Peter Bonerz,3.859
86426,Editor,David Helfand,0.98
86426,Director of Photography,Mikel Neiers,1.632
86426,Executive Story Editor,Andrew Reich,1.788
86426,Executive Story Editor,Ted Cohen,3.069
86426,Script Supervisor,Sheila Lauder,0.84
86429,Director,Peter Bonerz,3.859
86429,Editor,David Helfand,0.98
86429,Director of Photography,Mikel Neiers,1.632
86429,Executive Story Editor,Andrew Reich,1.788
86429,Executive Story Editor,Ted Cohen,3.069
86429,Teleplay,Michael Curtis,1.608
86429,Teleplay,Greg Malins,1.594
86429,Script Supervisor,Sheila Lauder,0.84
86429,Story,Seth Kurland,1.261
86429,Unit Production Manager,Richard Allen,0.6
86432,Director,Kevin S. Bright,1.519
86432,Writer,Michael Borkow,1.388
86432,Editor,Stephen Prime,0.6
86432,Director of Photography,Mikel Neiers,1.632
86432,Teleplay,Scott Silveri,3.0
86432,Teleplay,Shana Goldberg-Meehan,1.788
86432,Executive Story Editor,Andrew Reich,1.788
86432,Executive Story Editor,Ted Cohen,3.069
86432,Script Supervisor,Sheila Lauder,0.84
86432,Unit Production Manager,Richard Allen,0.6
86432,Story,Jill Condon,0.6
86432,Story,Amy Toomin Straus,0.6
86534,Director,Kevin S. Bright,1.519
86534,Writer,Seth Kurland,1.261
86534,Editor,Stephen Prime,0.6
86534,Director of Photography,Mikel Neiers,1.632
86534,Unit Production Manager,Richard Allen,0.6
86534,Executive Story Editor,Gigi McCreery,2.436
86534,Executive Story Editor,Perry Rein,1.303
86534,First Assistant Director,Ben Weiss,3.142
86534,Second Assistant Director,Carlos Piñero,0.656
86534,Costume Designer,Debra McGuire,3.805
86534,Script Supervisor,Jolie Barnett,0.6
86535,Director,Gary Halvorson,2.843
86535,Writer,Wil Calhoun,1.021
86535,Set Decoration,Greg J. Grande,1.021
86535,Director of Photography,Mikel Neiers,1.632
86535,Editor,Jay Scherberth,1.073
86535,Art Direction,Joe Stewart,0.924
86535,Unit Production Manager,Richard Allen,0.6
86535,Executive Story Editor,Gigi McCreery,2.436
86535,Executive Story Editor,Perry Rein,1.303
86535,First Assistant Director,Ben Weiss,3.142
86535,Second Assistant Director,Carlos Piñero,0.656
86535,Script Supervisor,Jolie Barnett,0.6
86698,Director,Kevin S. Bright,1.519
86698,Writer,Marta Kauffman,5.777
86698,Writer,David Crane,3.76
86698,Editor,Stephen Prime,0.6
86698,Director of Photography,Mikel Neiers,1.632
86698,Art Direction,Joe Stewart,0.924
86698,Unit Production Manager,Richard Allen,0.6
86698,Executive Story Editor,Gigi McCreery,2.436
86698,Executive Story Editor,Perry Rein,1.303
86698,First Assistant Director,Ben Weiss,3.142
86698,Second Assistant Director,Carlos Piñero,0.656
86698,Costume Designer,Debra McGuire,3.805
86698,Script Supervisor,Jolie Barnett,0.6
86698,Supervising Producer,Todd Stevens,0.6
86698,Supervising Producer,Wil Calhoun,1.021
86698,Supervising Producer,Seth Kurland,1.261
86698,Associate Producer,Jamie O'Connor,0.6
86698,Costume Supervisor,Julie Heath,0.732
86698,Costume Supervisor,Nancy Gould,1.38
86715,Director,Shelley Jensen,3.842
86715,Writer,Michael Curtis,1.608
86715,Director of Photography,Mikel Neiers,1.632
86715,Editor,Jay Scherberth,1.073
86715,Art Direction,Joe Stewart,0.924
86715,Unit Production Manager,Richard Allen,0.6
86715,Executive Story Editor,Gigi McCreery,2.436
86715,Executive Story Editor,Perry Rein,1.303
86715,First Assistant Director,Ben Weiss,3.142
86715,Second Assistant Director,Carlos Piñero,0.656
86715,Costume Designer,Debra McGuire,3.805
86715,Script Supervisor,Jolie Barnett,0.6
86715,Supervising Producer,Todd Stevens,0.6
86715,Supervising Producer,Wil Calhoun,1.021
86715,Supervising Producer,Seth Kurland,1.261
86715,Costume Supervisor,Julie Heath,0.732
86715,Costume Supervisor,Nancy Gould,1.38
86536,Writer,Scott Silveri,3.0
86536,Editor,Stephen Prime,0.6
86536,Director of Photography,Mikel Neiers,1.632
86536,Art Direction,Joe Stewart,0.924
86536,Director,Dana De Vally Piazza,3.086
86536,Unit Production Manager,Richard Allen,0.6
86536,Executive Story Editor,Gigi McCreery,2.436
86536,Executive Story Editor,Perry Rein,1.303
86536,First Assistant Director,Ben Weiss,3.142
86536,Second Assistant Director,Carlos Piñero,0.656
86536,Script Supervisor,Jolie Barnett,0.6
86536,Supervising Producer,Todd Stevens,0.6
86536,Supervising Producer,Wil Calhoun,1.021
86536,Supervising Producer,Seth Kurland,1.261
86536,Sound Mixer,Dana McClure,0.6
86542,Director,Gary Halvorson,2.843
86542,Writer,Alexa Junge,1.388
86542,Editor,Stephen Prime,0.6
86542,Director of Photography,Mikel Neiers,1.632
86542,Art Direction,Joe Stewart,0.924
86542,Unit Production Manager,Richard Allen,0.6
86542,Executive Story Editor,Gigi McCreery,2.436
86542,Executive Story Editor,Perry Rein,1.303
86542,First Assistant Director,Ben Weiss,3.142
86542,Second Assistant Director,Carlos Piñero,0.656
86542,Costume Designer,Debra McGuire,3.805
86542,Script Supervisor,Jolie Barnett,0.6
86542,Supervising Producer,Todd Stevens,0.6
86542,Supervising Producer,Wil Calhoun,1.021
86542,Supervising Producer,Seth Kurland,1.261
86542,Costume Supervisor,Julie Heath,0.732
86542,Costume Supervisor,Nancy Gould,1.38
86542,Sound Mixer,Dana McClure,0.6
86544,Director,Gary Halvorson,2.843
86544,Writer,Perry Rein,1.303
86544,Writer,Gigi McCreery,2.436
86544,Editor,Stephen Prime,0.6
86544,Director of Photography,Mikel Neiers,1.632
86544,Art Direction,Joe Stewart,0.924
86544,Unit Production Manager,Richard Allen,0.6
86544,Executive Story Editor,Gigi McCreery,2.436
86544,Executive Story Editor,Perry Rein,1.303
86544,First Assistant Director,Ben Weiss,3.142
86544,Second Assistant Director,Carlos Piñero,0.656
86544,Script Supervisor,Jolie Barnett,0.6
86544,Supervising Producer,Todd Stevens,0.6
86544,Supervising Producer,Wil Calhoun,1.021
86544,Supervising Producer,Seth Kurland,1.261
86544,Associate Producer,Jamie O'Connor,0.6
86544,Costume Supervisor,Julie Heath,0.732
86544,Costume Supervisor,Nancy Gould,1.38
86548,Writer,Greg Malins,1.594
86548,Director,Kevin S. Bright,1.519
86548,Editor,Stephen Prime,0.6
86548,Director of Photography,Mikel Neiers,1.632
86548,Art Direction,Joe Stewart,0.924
86548,Unit Production Manager,Richard Allen,0.6
86548,Executive Story Editor,Gigi McCreery,2.436
86548,Executive Story Editor,Perry Rein,1.303
86548,First Assistant Director,Ben Weiss,3.142
86548,Script Supervisor,Jolie Barnett,0.6
86548,Supervising Producer,Todd Stevens,0.6
86548,Supervising Producer,Wil Calhoun,1.021
86548,Supervising Producer,Seth Kurland,1.261
86548,Costume Supervisor,Julie Heath,0.732
86548,Costume Supervisor,Nancy Gould,1.38
86548,Sound Mixer,Dana Mark McClure,0.6
86551,Director,Gary Halvorson,2.843
86551,Writer,Andrew Reich,1.788
86551,Writer,Ted Cohen,3.069
86551,Editor,Stephen Prime,0.6
86551,Director of Photography,Mikel Neiers,1.632
86551,Art Direction,Joe Stewart,0.924
86551,Unit Production Manager,Richard Allen,0.6
86551,Executive Story Editor,Gigi McCreery,2.436
86551,Executive Story Editor,Perry Rein,1.303
86551,First Assistant Director,Ben Weiss,3.142
86551,Second Assistant Director,Carlos Piñero,0.656
86551,Costume Designer,Debra McGuire,3.805
86551,Script Supervisor,Jolie Barnett,0.6
86551,Supervising Producer,Todd Stevens,0.6
86551,Supervising Producer,Wil Calhoun,1.021
86551,Supervising Producer,Seth Kurland,1.261
86551,Associate Producer,Jamie O'Connor,0.6
86551,Costume Supervisor,Julie Heath,0.732
86551,Costume Supervisor,Nancy Gould,1.38
86551,Sound Mixer,Dana McClure,0.6
86551,Casting,Leslie Litt,0.6
86551,Hairstylist,Richard Marin,0.988
86551,Makeup Artist,Robin Siegel,1.553
86553,Writer,Shana Goldberg-Meehan,1.788
86553,Editor,Stephen Prime,0.6
86553,Director of Photography,Mikel Neiers,1.632
86553,Art Direction,Joe Stewart,0.924
86553,Director,Dana De Vally Piazza,3.086
86553,Unit Production Manager,Richard Allen,0.6
86553,Executive Story Editor,Gigi McCreery,2.436
86553,Executive Story Editor,Perry Rein,1.303
86553,First Assistant Director,Ben Weiss,3.142
86553,Second Assistant Director,Carlos Piñero,0.656
86553,Costume Designer,Debra McGuire,3.805
86553,Script Supervisor,Jolie Barnett,0.6
86553,Supervising Producer,Todd Stevens,0.6
86553,Supervising Producer,Wil Calhoun,1.021
86553,Supervising Producer,Seth Kurland,1.261
86553,Costume Supervisor,Julie Heath,0.732
86553,Costume Supervisor,Nancy Gould,1.38
86553,Sound Mixer,Dana McClure,0.6
86553,Casting,Leslie Litt,0.6
86553,Hairstylist,Richard Marin,0.988
86553,Makeup Artist,Robin Siegel,1.553
86558,Director,Joe Regalbuto,5.005
86558,Director of Photography,Mikel Neiers,1.632
86558,Editor,Jay Scherberth,1.073
86558,Art Direction,Joe Stewart,0.924
86558,Unit Production Manager,Richard Allen,0.6
86558,Executive Story Editor,Gigi McCreery,2.436
86558,Executive Story Editor,Perry Rein,1.303
86558,First Assistant Director,Ben Weiss,3.142
86558,Script Supervisor,Jolie Barnett,0.6
86558,Supervising Producer,Todd Stevens,0.6
86558,Supervising Producer,Wil Calhoun,1.021
86558,Supervising Producer,Seth Kurland,1.261
86558,Costume Supervisor,Julie Heath,0.732
86558,Costume Supervisor,Nancy Gould,1.38
86558,Sound Mixer,Dana Mark McClure,0.6
86558,Casting,Leslie Litt,0.6
86558,Hairstylist,Richard Marin,0.988
86558,Makeup Artist,Robin Siegel,1.553
86558,Teleplay,Suzie Villandry,0.917
86558,Story,Brian Boyle,1.46
86558,Second Assistant Director,Chris Kiley,0.6
86558,Additional Music,Michael Skloff,0.706
86566,Writer,Alicia Sky Varinaitis,0.6
86566,Director,Kevin S. Bright,1.519
86566,Editor,Stephen Prime,0.6
86566,Director of Photography,Mikel Neiers,1.632
86566,Art Direction,Joe Stewart,0.924
86566,Unit Production Manager,Richard Allen,0.6
86566,Executive Story Editor,Gigi McCreery,2.436
86566,Executive Story Editor,Perry Rein,1.303
86566,First Assistant Director,Ben Weiss,3.142
86566,Second Assistant Director,Carlos Piñero,0.656
86566,Costume Designer,Debra McGuire,3.805
86566,Script Supervisor,Jolie Barnett,0.6
86566,Supervising Producer,Todd Stevens,0.6
86566,Supervising Producer,Wil Calhoun,1.021
86566,Supervising Producer,Seth Kurland,1.261
86566,Associate Producer,Jamie O'Connor,0.6
86566,Costume Supervisor,Julie Heath,0.732
86566,Costume Supervisor,Nancy Gould,1.38
86566,Sound Mixer,Dana Mark McClure,0.6
86566,Casting,Leslie Litt,0.6
86566,Hairstylist,Richard Marin,0.988
86566,Makeup Artist,Robin Siegel,1.553
86566,Additional Music,Michael Skloff,0.706
86571,Director,Gail Mancuso,2.681
86571,Editor,Stephen Prime,0.6
86571,Set Decoration,Greg J. Grande,1.021
86571,Director of Photography,Mikel Neiers,1.632
86571,Art Direction,Joe Stewart,0.924
86571,Unit Production Manager,Richard Allen,0.6
86571,Executive Story Editor,Gigi McCreery,2.436
86571,Executive Story Editor,Perry Rein,1.303
86571,First Assistant Director,Ben Weiss,3.142
86571,Second Assistant Director,Carlos Piñero,0.656
86571,Costume Designer,Debra McGuire,3.805
86571,Script Supervisor,Jolie Barnett,0.6
86571,Supervising Producer,Todd Stevens,0.6
86571,Supervising Producer,Wil Calhoun,1.021
86571,Supervising Producer,Seth Kurland,1.261
86571,Associate Producer,Jamie O'Connor,0.6
86571,Costume Supervisor,Julie Heath,0.732
86571,Costume Supervisor,Nancy Gould,1.38
86571,Sound Mixer,Dana Mark McClure,0.6
86571,Casting,Leslie Litt,0.6
86571,Hairstylist,Richard Marin,0.988
86571,Makeup Artist,Robin Siegel,1.553
86571,Additional Music,Michael Skloff,0.706
86571,Teleplay,Seth Kurland,1.261
86571,Story,Michael Curtis,1.608
86721,Director,Michael Lembeck,6.644
86721,Writer,Alexa Junge,1.388
86721,Editor,Stephen Prime,0.6
86721,Set Decoration,Greg J. Grande,1.021
86721,Director of Photography,Mikel Neiers,1.632
86721,Art Direction,Joe Stewart,0.924
86721,Unit Production Manager,Richard Allen,0.6
86721,Executive Story Editor,Gigi McCreery,2.436
86721,Executive Story Editor,Perry Rein,1.303
86721,First Assistant Director,Ben Weiss,3.142
86721,Second Assistant Director,Carlos Piñero,0.656
86721,Script Supervisor,Jolie Barnett,0.6
86721,Supervising Producer,Todd Stevens,0.6
86721,Supervising Producer,Wil Calhoun,1.021
86721,Supervising Producer,Seth Kurland,1.261
86721,Associate Producer,Jamie O'Connor,0.6
86721,Costume Supervisor,Julie Heath,0.732
86721,Costume Supervisor,Nancy Gould,1.38
86721,Sound Mixer,Dana McClure,0.6
86721,Casting,Leslie Litt,0.6
86721,Hairstylist,Richard Marin,0.988
86721,Makeup Artist,Robin Siegel,1.553
86721,Additional Music,Michael Skloff,0.706
86573,Writer,Adam Chase,2.15
86573,Director,Kevin S. Bright,1.519
86573,Producer,Shana Goldberg-Meehan,1.788
86573,Producer,Scott Silveri,3.0
86573,Editor,Stephen Prime,0.6
86573,Set Decoration,Greg J. Grande,1.021
86573,Director of Photography,Mikel Neiers,1.632
86573,Art Direction,Joe Stewart,0.924
86573,Unit Production Manager,Richard Allen,0.6
86573,Executive Story Editor,Gigi McCreery,2.436
86573,Executive Story Editor,Perry Rein,1.303
86573,First Assistant Director,Ben Weiss,3.142
86573,Second Assistant Director,Carlos Piñero,0.656
86573,Costume Designer,Debra McGuire,3.805
86573,Script Supervisor,Jolie Barnett,0.6
86573,Supervising Producer,Todd Stevens,0.6
86573,Supervising Producer,Wil Calhoun,1.021
86573,Supervising Producer,Seth Kurland,1.261
86573,Associate Producer,Jamie O'Connor,0.6
86573,Costume Supervisor,Julie Heath,0.732
86573,Costume Supervisor,Nancy Gould,1.38
86573,Sound Mixer,Dana Mark McClure,0.6
86573,Casting,Leslie Litt,0.6
86573,Hairstylist,Richard Marin,0.988
86573,Makeup Artist,Robin Siegel,1.553
86573,Additional Music,Michael Skloff,0.706
86573,Co-Producer,Andrew Reich,1.788
86573,Co-Producer,Ted Cohen,3.069
86573,Assistant Editor,Todd Felker,0.677
86727,Director,Andrew Tsao,1.176
86727,Producer,Shana Goldberg-Meehan,1.788
86727,Executive Producer,Greg Malins,1.594
86727,Producer,Scott Silveri,3.0
86727,Editor,Stephen Prime,0.6
86727,Set Decoration,Greg J. Grande,1.021
86727,Director of Photography,Mikel Neiers,1.632
86727,Art Direction,Joe Stewart,0.924
86727,Story,Alicia Sky Varinaitis,0.6
86727,Unit Production Manager,Richard Allen,0.6
86727,Executive Story Editor,Gigi McCreery,2.436
86727,Executive Story Editor,Perry Rein,1.303
86727,First Assistant Director,Ben Weiss,3.142
86727,Second Assistant Director,Carlos Piñero,0.656
86727,Script Supervisor,Jolie Barnett,0.6
86727,Supervising Producer,Todd Stevens,0.6
86727,Supervising Producer,Wil Calhoun,1.021
86727,Supervising Producer,Seth Kurland,1.261
86727,Associate Producer,Jamie O'Connor,0.6
86727,Costume Supervisor,Julie Heath,0.732
86727,Costume Supervisor,Nancy Gould,1.38
86727,Sound Mixer,Dana Mark McClure,0.6
86727,Casting,Leslie Litt,0.6
86727,Makeup Artist,Robin Siegel,1.553
86727,Additional Music,Michael Skloff,0.706
86727,Co-Producer,Andrew Reich,1.788
86727,Co-Producer,Ted Cohen,3.069
86727,Executive Producer,Adam Chase,2.15
86727,Executive Producer,Michael Curtis,1.608
86727,Co-Executive Producer,Alexa Junge,1.388
86727,Teleplay,Gigi McCreery,2.436
86727,Teleplay,Perry Rein,1.303
86727,Co-Producer,Wendy Knoller,0.608
86727,Hairstylist,Edward St. George,1.684
86574,Director,Shelley Jensen,3.842
86574,Writer,Andrew Reich,1.788
86574,Writer,Ted Cohen,3.069
86574,Producer,Shana Goldberg-Meehan,1.788
86574,Executive Producer,Greg Malins,1.594
86574,Producer,Scott Silveri,3.0
86574,Set Decoration,Greg J. Grande,1.021
86574,Director of Photography,Mikel Neiers,1.632
86574,Editor,Jay Scherberth,1.073
86574,Art Direction,Joe Stewart,0.924
86574,Unit Production Manager,Richard Allen,0.6
86574,Executive Story Editor,Gigi McCreery,2.436
86574,Executive Story Editor,Perry Rein,1.303
86574,First Assistant Director,Ben Weiss,3.142
86574,Second Assistant Director,Carlos Piñero,0.656
86574,Costume Designer,Debra McGuire,3.805
86574,Script Supervisor,Jolie Barnett,0.6
86574,Supervising Producer,Todd Stevens,0.6
86574,Supervising Producer,Wil Calhoun,1.021
86574,Supervising Producer,Seth Kurland,1.261
86574,Associate Producer,Jamie O'Connor,0.6
86574,Costume Supervisor,Julie Heath,0.732
86574,Costume Supervisor,Nancy Gould,1.38
86574,Sound Mixer,Dana Mark McClure,0.6
86574,Casting,Leslie Litt,0.6
86574,Hairstylist,Richard Marin,0.988
86574,Makeup Artist,Robin Siegel,1.553
86574,Additional Music,Michael Skloff,0.706
86574,Co-Producer,Andrew Reich,1.788
86574,Co-Producer,Ted Cohen,3.069
86574,Executive Producer,Adam Chase,2.15
86574,Executive Producer,Michael Curtis,1.608
86574,Co-Executive Producer,Alexa Junge,1.388
86574,Co-Producer,Wendy Knoller,0.608
86574,Executive Producer,Kevin S. Bright,1.519
86574,Executive Producer,David Crane,3.76
86574,Executive Producer,Marta Kauffman,5.777
86737,Writer,Michael Curtis,1.608
86737,Director,Todd Holland,7.814
86737,Producer,Shana Goldberg-Meehan,1.788
86737,Executive Producer,Greg Malins,1.594
86737,Producer,Scott Silveri,3.0
86737,Editor,Stephen Prime,0.6
86737,Set Decoration,Greg J. Grande,1.021
86737,Director of Photography,Mikel Neiers,1.632
86737,Art Direction,Joe Stewart,0.924
86737,Unit Production Manager,Richard Allen,0.6
86737,Executive Story Editor,Gigi McCreery,2.436
86737,Executive Story Editor,Perry Rein,1.303
86737,First Assistant Director,Ben Weiss,3.142
86737,Second Assistant Director,Carlos Piñero,0.656
86737,Costume Designer,Debra McGuire,3.805
86737,Script Supervisor,Jolie Barnett,0.6
86737,Supervising Producer,Todd Stevens,0.6
86737,Supervising Producer,Wil Calhoun,1.021
86737,Supervising Producer,Seth Kurland,1.261
86737,Associate Producer,Jamie O'Connor,0.6
86737,Costume Supervisor,Julie Heath,0.732
86737,Costume Supervisor,Nancy Gould,1.38
86737,Sound Mixer,Dana Mark McClure,0.6
86737,Casting,Leslie Litt,0.6
86737,Hairstylist,Richard Marin,0.988
86737,Makeup Artist,Robin Siegel,1.553
86737,Additional Music,Michael Skloff,0.706
86737,Co-Producer,Andrew Reich,1.788
86737,Co-Producer,Ted Cohen,3.069
86737,Executive Producer,Adam Chase,2.15
86737,Co-Executive Producer,Alexa Junge,1.388
86737,Co-Producer,Wendy Knoller,0.608
86737,Executive Producer,Michael Curtis,1.542
86737,Key Makeup Artist,Anne Sweeting,0.731
86737,Executive Producer,Kevin S. Bright,1.519
86737,Executive Producer,David Crane,3.76
86737,Executive Producer,Marta Kauffman,5.777
86576,Director,Gail Mancuso,2.681
86576,Producer,Wendy Knoller,0.608
86576,Producer,Shana Goldberg-Meehan,1.788
86576,Producer,Ted Cohen,3.069
86576,Executive Producer,Greg Malins,1.594
86576,Producer,Scott Silveri,3.0
86576,Producer,Andrew Reich,1.788
86576,Editor,Stephen Prime,0.6
86576,Set Decoration,Greg J. Grande,1.021
86576,Director of Photography,Mikel Neiers,1.632
86576,Writer,Doty Abrams,0.621
86576,Art Direction,Joe Stewart,0.924
86576,Unit Production Manager,Richard Allen,0.6
86576,Executive Story Editor,Gigi McCreery,2.436
86576,Executive Story Editor,Perry Rein,1.303
86576,First Assistant Director,Ben Weiss,3.142
86576,Second Assistant Director,Carlos Piñero,0.656
86576,Costume Designer,Debra McGuire,3.805
86576,Script Supervisor,Jolie Barnett,0.6
86576,Supervising Producer,Todd Stevens,0.6
86576,Supervising Producer,Wil Calhoun,1.021
86576,Supervising Producer,Seth Kurland,1.261
86576,Associate Producer,Jamie O'Connor,0.6
86576,Costume Supervisor,Julie Heath,0.732
86576,Costume Supervisor,Nancy Gould,1.38
86576,Sound Mixer,Dana Mark McClure,0.6
86576,Casting,Leslie Litt,0.6
86576,Hairstylist,Richard Marin,0.988
86576,Makeup Artist,Robin Siegel,1.553
86576,Additional Music,Michael Skloff,0.706
86576,Executive Producer,Adam Chase,2.15
86576,Co-Executive Producer,Alexa Junge,1.388
86576,Executive Producer,Michael Curtis,1.542
86576,Executive Producer,Kevin S. Bright,1.519
86576,Executive Producer,David Crane,3.76
86576,Executive Producer,Marta Kauffman,5.777
86577,Director,Gary Halvorson,2.843
86577,Writer,Shana Goldberg-Meehan,1.788
86577,Writer,Seth Kurland,1.261
86577,Producer,Shana Goldberg-Meehan,1.788
86577,Producer,Ted Cohen,3.069
86577,Executive Producer,Greg Malins,1.594
86577,Producer,Scott Silveri,3.0
86577,Producer,Andrew Reich,1.788
86577,Set Decoration,Greg J. Grande,1.021
86577,Director of Photography,Mikel Neiers,1.632
86577,Editor,Jay Scherberth,1.073
86577,Art Direction,Joe Stewart,0.924
86577,Unit Production Manager,Richard Allen,0.6
86577,Executive Story Editor,Gigi McCreery,2.436
86577,Executive Story Editor,Perry Rein,1.303
86577,First Assistant Director,Ben Weiss,3.142
86577,Second Assistant Director,Carlos Piñero,0.656
86577,Script Supervisor,Jolie Barnett,0.6
86577,Supervising Producer,Todd Stevens,0.6
86577,Supervising Producer,Wil Calhoun,1.021
86577,Supervising Producer,Seth Kurland,1.261
86577,Associate Producer,Jamie O'Connor,0.6
86577,Costume Supervisor,Julie Heath,0.732
86577,Costume Supervisor,Nancy Gould,1.38
86577,Sound Mixer,Dana Mark McClure,0.6
86577,Casting,Leslie Litt,0.6
86577,Hairstylist,Richard Marin,0.988
86577,Makeup Artist,Robin Siegel,1.553
86577,Additional Music,Michael Skloff,0.706
86577,Executive Producer,Adam Chase,2.15
86577,Co-Executive Producer,Alexa Junge,1.388
86577,Co-Producer,Wendy Knoller,0.608
86577,Executive Producer,Michael Curtis,1.542
86577,Executive Producer,Kevin S. Bright,1.519
86577,Executive Producer,David Crane,3.76
86577,Executive Producer,Marta Kauffman,5.777
86579,Writer,Greg Malins,1.594
86579,Director,Gary Halvorson,2.843
86614,Director,Gary Halvorson,2.843
86614,Writer,Wil Calhoun,1.021
86620,Director,Kevin S. Bright,1.519
86620,Writer,Andrew Reich,1.788
86620,Writer,Ted Cohen,3.069
86757,Writer,Adam Chase,2.15
86757,Director,Kevin S. Bright,1.519
86776,Director,Gail Mancuso,2.681
86776,Writer,Shana Goldberg-Meehan,1.788
86782,Director,Gary Halvorson,2.843
86782,Writer,Seth Kurland,1.261
86788,Director,Gary Halvorson,2.843
86788,Writer,Andrew Reich,1.788
86788,Writer,Ted Cohen,3.069
86818,Director,David Schwimmer,48.006
86818,Writer,Scott Silveri,3.0
86824,Director,Gary Halvorson,2.843
86828,Director,Gary Halvorson,2.843
86828,Writer,Perry Rein,1.303
86828,Writer,Gigi McCreery,2.436
87001,Writer,Greg Malins,1.594
87001,Director,Kevin S. Bright,1.519
86836,Writer,Brian Boyle,1.46
86836,Director,Kevin S. Bright,1.519
86845,Writer,Brian Boyle,1.46
86845,Director,Kevin S. Bright,1.519
86853,Director,Gary Halvorson,2.843
86853,Writer,Andrew Reich,1.788
86853,Writer,Ted Cohen,3.069
86859,Director,Gary Halvorson,2.843
86873,Director,Kevin S. Bright,1.519
86873,Writer,Andrew Reich,1.788
86873,Writer,Ted Cohen,3.069
86886,Writer,Greg Malins,1.594
86886,Writer,Adam Chase,2.15
86886,Writer,Marta Kauffman,5.777
86886,Director,Michael Lembeck,6.644
86886,Writer,David Crane,3.76
86912,Writer,Adam Chase,2.15
86912,Director,Gary Halvorson,2.843
87002,Director,Gary Halvorson,2.843
87002,Writer,Seth Kurland,1.261
86925,Writer,Perry Rein,1.303
86925,Writer,Gigi McCreery,2.436
86925,Director,Ben Weiss,3.142
86943,Director,Kevin S. Bright,1.519
86946,Writer,Scott Silveri,3.0
86946,Director,Michael Lembeck,6.644
955152,Director,Gary Halvorson,2.843
86762,Director,Gary Halvorson,2.843
86762,Writer,Andrew Reich,1.788
86762,Writer,Ted Cohen,3.069
86979,Writer,Scott Silveri,3.0
86979,Director,Kevin S. Bright,1.519
86979,Writer,Shana Goldberg-Meehan,1.788
86979,Writer,Andrew Reich,1.788
86979,Writer,Ted Cohen,3.069
87008,Director,Kevin S. Bright,1.519
87008,Writer,Marta Kauffman,5.777
87008,Writer,David Crane,3.76
87009,Director,Michael Lembeck,6.644
87009,Writer,Andrew Reich,1.788
87009,Writer,Ted Cohen,3.069
87010,Director,Gary Halvorson,2.843
87011,Director,David Schwimmer,48.006
87011,Writer,Brian Boyle,1.46
87017,Writer,Patty Lin,2.958
87017,Editor,Stephen Prime,0.6
87017,Director of Photography,Nick McLean,6.14
87017,Editor,Todd Felker,0.677
87023,Writer,Brian Buckner,0.84
87198,Writer,Scott Silveri,3.0
87200,Writer,Patty Lin,2.958
87024,Director,David Schwimmer,48.006
87024,Writer,Wil Calhoun,1.021
87025,Writer,Greg Malins,1.594
87027,Writer,Shana Goldberg-Meehan,1.788
87039,Director,Kevin S. Bright,1.519
87047,Writer,Brian Buckner,0.84
87057,Director,Kevin S. Bright,1.519
87057,Writer,Andrew Reich,1.788
87057,Writer,Ted Cohen,3.069
87088,Director,David Schwimmer,48.006
87093,Director,Kevin S. Bright,1.519
87093,Writer,Andrew Reich,1.788
87093,Writer,Ted Cohen,3.069
87106,Writer,Brian Boyle,1.46
87135,Writer,Andrew Reich,1.788
87135,Writer,Ted Cohen,3.069
87157,Writer,Scott Silveri,3.0
87157,Writer,Shana Goldberg-Meehan,1.788
87201,Director,Gary Halvorson,2.843
87162,Writer,Brian Buckner,0.84
87181,Writer,Greg Malins,1.594
87181,Director,Kevin S. Bright,1.519
87181,Writer,Marta Kauffman,5.777
87181,Writer,David Crane,3.76
87204,Director,Kevin S. Bright,1.519
87204,Writer,Marta Kauffman,5.777
87204,Writer,David Crane,3.76
87228,Director,David Schwimmer,48.006
87243,Director,Sheldon Epps,1.751
955153,Writer,Scott Silveri,3.0
955153,Director,Kevin S. Bright,1.519
87269,Writer,Brian Buckner,0.84
87269,Director,Gary Halvorson,2.843
87269,Writer,Sebastian Jones,0.6
87285,Editor,Kenny Tintorri,1.22
87285,Director of Photography,Nick McLean,6.14
87307,Writer,R. Lee Fleming Jr.,2.197
87307,Director,Kevin S. Bright,1.519
87308,Director,David Schwimmer,48.006
87308,Writer,Andrew Reich,1.788
87308,Writer,Ted Cohen,3.069
87309,Director,Gary Halvorson,2.843
87309,Writer,Shana Goldberg-Meehan,1.788
87310,Writer,Brian Buckner,0.84
87310,Director,Kevin S. Bright,1.519
87317,Writer,Robert Carlock,3.572
87326,Director,David Schwimmer,48.006
955154,Writer,Brian Buckner,0.84
955154,Director,Kevin S. Bright,1.519
87340,Director,Kevin S. Bright,1.519
87342,Writer,Andrew Reich,1.788
87342,Writer,Ted Cohen,3.069
87350,Director,Gary Halvorson,2.843
87362,Director,Gary Halvorson,2.843
87410,Director,Kevin S. Bright,1.519
87376,Writer,Brian Buckner,0.84
87404,Writer,Shana Goldberg-Meehan,1.788
87405,Writer,Scott Silveri,3.0
87405,Director,Kevin S. Bright,1.519
87405,Writer,Marta Kauffman,5.777
87405,Writer,David Crane,3.76
87422,Director,Kevin S. Bright,1.519
87434,Director,Sheldon Epps,1.751
87426,Writer,Brian Buckner,0.84
87426,Director,Roger Christiansen,1.746
87412,Writer,Andrew Reich,1.788
87412,Writer,Ted Cohen,3.069
87414,Director,David Schwimmer,48.006
87414,Writer,Scott Silveri,3.0
87433,Director,Kevin S. Bright,1.519
87433,Writer,Marta Kauffman,5.777
87433,Writer,David Crane,3.76
87420,Writer,Robert Carlock,3.572
87424,Director,Kevin S. Bright,1.519
87424,Writer,Shana Goldberg-Meehan,1.788
87431,Director,Kevin S. Bright,1.519
87428,Director,Gary Halvorson,2.843
87471,Writer,Brian Buckner,0.84
87478,Writer,Brian Buckner,0.84
87444,Director,Gary Halvorson,2.843
87518,Writer,Andrew Reich,1.788
87518,Writer,Ted Cohen,3.069
87520,Writer,Robert Carlock,3.572
87522,Writer,Andrew Reich,1.788
87522,Writer,Ted Cohen,3.069
87480,Writer,Scott Silveri,3.0
87480,Director,Kevin S. Bright,1.519
87480,Writer,Shana Goldberg-Meehan,1.788
87480,Writer,Marta Kauffman,5.777
87480,Writer,David Crane,3.76
87523,Director,Kevin S. Bright,1.519
87523,Writer,Andrew Reich,1.788
87523,Writer,Ted Cohen,3.069
87590,Writer,Brian Buckner,0.84
87590,Director,Gary Halvorson,2.843
87596,Writer,Robert Carlock,3.572
87596,Director,Gary Halvorson,2.843
87548,Director,Roger Christiansen,1.746
87597,Director,Kevin S. Bright,1.519
87598,Director,Gary Halvorson,2.843
87598,Writer,Shana Goldberg-Meehan,1.788
87599,Director,David Schwimmer,48.006
87599,Writer,Scott Silveri,3.0
87600,Director,Gary Halvorson,2.843
87601,Director,Kevin S. Bright,1.519
87601,Writer,Marta Kauffman,5.777
87601,Writer,David Crane,3.76
87602,Writer,Robert Carlock,3.572
87602,Director,Kevin S. Bright,1.519
87603,Director,Gary Halvorson,2.843
87607,Director,Gary Halvorson,2.843
87628,Director,Gary Halvorson,2.843
87628,Writer,Marta Kauffman,5.777
87628,Writer,David Crane,3.76
87633,Director,Gary Halvorson,2.843
87633,Writer,Andrew Reich,1.788
87633,Writer,Ted Cohen,3.069
87632,Director,Kevin S. Bright,1.519
87632,Writer,Marta Kauffman,5.777
87632,Writer,David Crane,3.76
